POS,REF,4426,4461,4488,4516,4584,4639,4643,4672,D408,FAP1360A,Ky226,P092,W64A
136690186,TGGGAGGT,,TGGGAGGT,,TGGGAGGT,,TGGGAGGT,,,TGGGAGGT,TGGGAGGT,TGGGAGGT,TGGAGGT,TGGGAGGT
136690206,C,,C,,A,,C,,,C,C,C,A,A
136690265,T,,T,,C,,T,,,T,T,T,C,C
136690364,A,,A,,C,,A,,,A,A,A,C,C
136690399,CAGA,,CAGA,,CAGA,,CAGA,,,CAGA,CAGA,CAGA,CAGAGA,CAGAGA
136690504,C,,C,,T,,C,,,C,C,C,T,T
136690700,C,,C,,A,,C,,,C,C,C,A,A
136690721,AGTT,,AGTC,,AGTT,,AGTT,,,AGTT,AGTT,AGTT,AT,AT
136690753,C,,C,,T,,C,,,C,C,C,T,T
136690759,GTTTCAAAA,,GTTTCAAAA,,ATTTCAAAA,,GTTTCAAAA,,,GTTTCAAAA,GTTTCAAAA,GTTTCAAAA,ATTTAA,ATTTAA
136690763,CAAAAAAAAAACAATATG,,CAAAAAAAAAACAATATG,,CAAAAAAAAAACTATATG,,CAAAAAAAAAACAATATG,,,CAAAAAAAAAAACAATATG,CAAAAAAAAAAACAATATG,CAAAAAAAAAAACAATATG,AAAAAAAAAAACTATATG,AAAAAAAAAAACTATATG
136690775,A,,A,,T,,A,,,A,A,A,T,T
136690782,G,,G,,A,,G,,,G,G,G,A,A
136690816,GTTTT,,GTTTT,,CTTTC,,GTTTT,,,GTTTT,GTTTT,GTTTT,CTTTC,CTTTC
136690866,G,,G,,A,,G,,,G,G,G,A,A
136690907,T,,T,,C,,T,,,T,T,T,C,C
136690931,A,,A,,C,,,,,A,A,A,C,C
136690967,CTACCGT,,,,CTACCGT,,,,,CTACCGT,CTACCGT,CTACCGT,CT,CT
136691088,T,,,,A,,,,,T,T,T,A,A
136691143,ATGTGTGTGGA,,,,ATGTGTGTGGA,,,,,ATGTGTGTGGA,ATGTGTGTGGA,ATGTGTGTGGA,ATGTGTGTGTGGA,ATGTGTGTGTGGA
136691160,C,,,,T,,,,,C,C,C,T,T
136691165,ATTGA,,,,GTTGG,,,,,ATTGA,ATTGA,ATTGA,GTTGG,GTTGG
136691175,TGACTA,,,,CGGCTC,,,,,C,C,TGACTA,CGGCTC,CGGCTC
136691202,A,,,,G,,,,,A,A,A,G,G
136691209,A,,,,G,,,,,A,A,A,G,G
136691219,T,,,,C,,,,,T,T,T,C,C
136691258,C,,,,T,,,,,C,C,C,T,T
136691265,CT,,,,TC,,,,,CT,CT,CT,TC,TC
136691273,G,,,,A,,,,,G,G,G,A,A
136691302,C,,,,,,,,,C,C,C,T,T
136691319,G,,,,,,,,,G,G,G,C,C
136691323,GCCCCCCTTCG,,,,,,,,,GCCCCCCTTCG,GCCCCCCTTCG,GCCCCCCTTCG,GCCCCCTTCG,GCCCCCTTCG
136691369,C,,,,,,,,,C,C,C,T,T
136691384,C,,,,,,,,,C,C,C,T,T
136691393,GG,,,,,,,,,GG,GG,GG,AA,AA
136691401,G,,,,,,,,,G,G,G,C,C
136691407,T,,,,,,,,,T,T,T,G,G
136691414,C,,,,,,,,,C,C,C,T,T
136691422,G,,,,,,,,,G,G,G,A,A
136691434,C,,,,,,,,,C,C,C,T,T
136691444,GCC,,,,,,,,,GCC,GCC,GCC,TCT,TCT
136691462,G,,,,,,,,,G,G,G,A,A
136691471,G,,,,,,,,,G,G,G,A,A
136691482,CG,,,,,,,,,CG,CG,CG,TA,TA
136691493,C,,,,,,,,,C,C,C,T,T
136691502,CCAC,,,,,,,,,CCAC,CCAC,CCAC,TCAT,TCAT
136691536,C,,,,,,,,,C,C,C,T,T
136691544,CCCTATGAA,,,,,,,,,CCCTATGAA,CCCTATGAA,CCCTATGAA,TCCCGTGAG,TCCCGTGAG
136691561,C,,,,,,,,,C,C,C,T,T
136691600,CACAA,,,,,,,,,CACAA,CACAA,CACAA,GACAG,GACAG
136691609,A,,,,,,,,,A,A,A,G,G
136691620,C,,,,,,,,,C,C,C,T,T
136691639,ACA,,,,,,,,,ACA,ACA,ACA,CCG,CCG
136691654,A,,,,,,,,,A,A,A,G,G
136691668,GAAAAAACACT,,,,,,,,,GAAAAAACACT,GAAAAAAACACT,GAAAAAACACT,GAAAAAACACT,GAAAAAAACACT
136691686,T,,,,,,,,,T,T,T,A,A
136691728,TT,,,,,,,,,TT,TT,TT,CC,CC
136691742,C,,,,,,,,,C,C,C,T,T
136691755,G,,,,,,,,,G,G,G,A,A
136691797,T,,,,,,,,,T,T,T,C,C
136691818,T,,,,,,,,,T,T,T,C,C
136691866,AA,,,,,,,,,AA,AA,AA,CC,CC
136691889,CCACAGT,,,,,,,,,CCACAGT,CCACAGT,CCACAGT,TCATAGC,TCATAGC
136691900,GT,,,,,,,,,GT,GT,GT,AC,AC
136691907,A,,,,,,,,,A,A,A,G,G
136691934,TCG,,,,,,,,,TCG,TCG,TCG,CCA,CCA
136691944,A,,,,,,,,,A,A,A,G,G
136691949,CGGGAGGC,,,,,,,,,CGGGAGGC,CGGAGGC,CGGGAGGC,CGGAGGA,CGGAGGA
136691962,CTTCA,,,,,,,,,CTTCA,CTTCA,CTTCA,CTTTCA,CTTTCA
136691978,G,,,,,G,G,,,G,G,G,A,A
136691995,T,,,,,T,T,,,C,C,T,C,C
136692037,AGCTT,,,,,AGCTT,AGCTT,,AGCTT,AGCTT,AGCTT,AGCTT,GGCTC,GGCTC
136692048,A,,,,,A,A,,A,A,A,A,G,G
136692066,T,,,,,T,T,,T,T,T,T,C,C
136692104,C,,,,,C,C,,C,C,C,C,A,A
136692136,G,,,T,T,G,G,,G,G,G,G,T,T
136692147,T,,,C,C,T,T,,T,T,T,T,C,C
136692193,ATAT,,,GGAC,GGAC,ATAT,RKAY,,ATAT,ATAT,ATAT,ATAT,GGAC,GGAC
136692213,CGACC,,,TGACT,TGACT,CGACC,YGACY,,CGACC,CGACC,CGACC,CGACC,TGACT,TGACT
136692222,C,,,T,T,C,Y,,C,C,C,C,T,T
136692241,C,,,y,T,C,Y,,C,C,C,C,T,T
136692250,CCA,,,TCG,TCG,CCA,YCR,,CCA,CCA,CCA,CCA,TCG,TCG
136692308,A,,,G,G,r,R,,R,A,A,A,G,G
136692316,A,,,G,G,r,R,,R,A,A,A,G,G
136692333,C,,,T,T,y,Y,,Y,C,C,C,T,T
136692355,CGTTTGA,,,TGTATTTGA,TGTATTTGA,yGTTTGA,YGTTTGA,,YGTTTGA,CGTTTGA,CGTTTGA,CGTTTGA,TGTATTTGA,TGTATTTGA
136692368,TGGAC,,TGGAC,TGGGAC,TGGGAC,TGGAC,TGGAC,,TGGAC,TGGAC,TGGAC,TGGAC,TGGGAC,TGGGAC
136692385,C,,C,T,T,y,Y,,Y,C,C,C,T,T
136692457,A,,A,G,G,R,R,,R,A,A,A,G,G
136692495,C,,C,T,T,T,C,,N,C,C,C,T,T
136692500,AATGC,,AATGC,GATGT,GATGT,GATGT,AATGC,,NATGN,AATGC,AATGC,AATGC,GATGT,GATGT
136692513,G,T,G,T,T,T,G,,N,G,G,G,T,T
136692530,G,A,G,A,A,A,G,,N,G,G,G,A,A
136692550,C,A,C,A,A,A,C,,M,C,C,C,A,A
136692571,AGT,ATGT,AGY,ATGT,ATGT,ATGT,AGT,,ATGT,AGT,AGT,AGT,ATGT,ATGT
136692581,C,T,C,T,T,T,C,,T,C,C,C,T,T
136692588,A,T,A,T,T,T,A,,T,A,A,A,T,T
136692665,T,C,T,C,C,C,Y,,C,T,T,T,C,C
136692680,G,G,A,G,G,G,A,,A,A,A,G,G,G
136692694,C,T,C,T,T,T,T,T,T,C,C,C,T,T
136692701,A,G,A,G,G,G,G,G,G,A,A,A,G,G
136692714,T,C,T,C,C,C,C,C,C,T,T,T,C,C
136692719,T,C,T,C,C,C,C,C,C,T,T,T,C,C
136692732,C,T,C,T,T,T,T,T,T,C,C,C,T,T
136692758,C,T,T,T,T,T,T,T,T,T,T,C,T,T
136692765,TGGG,CGGA,TGGG,CGGA,CGGA,CGGA,CGGA,CGGA,CGGA,TGGG,TGGG,TGGG,CGGA,CGGA
136692768,GTTTTTCG,ATTTTTCG,GTTTTTCG,ATTTTTCG,ATTTTTCG,RTTTTTCG,RTTTTTCG,ATTTTTCG,RTTTTTCG,GTTTTTCG,GTTTTTCG,GTTTTTTCG,ATTTTTCG,ATTTTTCG
136692784,T,C,T,C,C,C,C,C,C,T,T,T,C,C
136692796,T,T,T,T,T,Y,T,T,C,T,T,T,T,T
136692806,T,C,T,C,C,C,C,C,C,T,T,T,C,C
136692838,T,C,T,C,C,C,C,C,C,T,T,T,C,C
136692850,G,C,G,C,C,C,C,C,C,G,G,G,C,C
136692867,CAAAAAAATTG,CAAAAAAATTG,CAAAAAAATTG,CAAAAAAATTG,CAAAAAATTG,CAAAAAAATTG,CAAAAAAATTG,CAAAAAAATTG,CAAAAAAATTG,CAAAAAATTG,CAAAAAATTG,CAAAAAATTG,CAAAAAATTG,CAAAAAAATTG
136692885,G,A,G,A,A,A,A,A,A,G,G,G,A,A
136692890,C,T,C,T,T,T,T,T,T,C,C,C,T,T
136692978,T,T,C,T,T,T,T,T,T,T,T,T,T,T
136692995,T,C,T,C,C,C,C,C,C,T,T,T,C,C
136693044,A,A,A,A,A,A,G,A,A,A,A,A,A,A
136693059,C,T,C,T,T,T,T,y,T,C,C,C,T,T
136693105,G,A,G,A,A,A,A,r,A,G,G,G,A,A
136693126,C,T,C,T,T,T,T,y,T,C,C,C,T,T
136693175,TCA,TCCA,TCA,TCCA,TCCA,TCCA,TCCA,TCA,TCCA,TCA,TCA,TCA,TCCA,TCCA
136693217,GTTAG,GTTTAG,GTTAG,GTTTAG,GTTTAG,GTTTAG,GTTTAG,GTTAG,GTTTAG,GTTAG,GTTAG,GTTAG,GTTTAG,GTTTAG
136693236,G,A,G,A,A,A,A,R,A,G,G,G,A,A
136693242,GG,AA,GG,AA,AA,AA,AA,AA,AA,GG,GG,GG,AA,AA
136693255,G,A,G,A,A,A,A,A,A,G,G,G,A,A
136693269,CCT,TCC,CCT,TCC,TCC,TCC,TCC,TCC,TCC,CCT,CCT,CCT,TCC,TCC
136693310,T,T,T,T,C,T,T,T,T,T,T,T,T,T
136693336,A,G,G,G,G,G,G,G,G,G,G,A,G,G
136693356,TCTTCTCCAGTGACCTA,TCTC,TCTTCTCCAGTGACCTA,TCTC,TCTC,TCTC,TCTC,TCTC,TCTC,TCTTCTCCAGTGACCTA,TCTTCTCCAGTGACCTA,TCTTCTCCAGTGACCTA,TCTC,TCTC
136693391,C,C,C,C,T,C,C,C,C,C,C,C,C,C
136693398,GTTGCACTTGCACA,GTTGCACA,GTTGCACTTGCACA,GTTGCACA,GTTGCACA,GTTGCACA,GTTGCACA,GTTGCACA,GTTGCACA,GTTGCACTTGCACA,GTTGCACTTGCACA,GTTGCACTTGCACA,GTTGCACA,GTTGCACA
136693463,C,T,C,T,T,T,T,T,T,C,C,C,T,T
136693535,A,A,A,A,C,A,A,A,A,A,A,A,A,A
136693569,GATAT,GATTT,GATAT,GAT,GATTT,GAT,GATAT,GATAT,GATAT,GATAT,GATAT,GATAT,GAT,GAT
136693571,TATTTTTTTTCCA,TT,TATTTTTTTTCCA,TwTTTTTTTTCCA,TT,TwTTTTTTTTCCA,TATTTTTTTTTCCA,TT,TTTTTTTTTCCA,TATTTTTTTTCCA,TATTTTTTTTCCA,TATTTTTTTTCCA,TwTTTTTTTTCCA,TWTTTTTTTTCCA
136693572,ATTTTTTTTCCA,TTTTTTTTTCCA,ATTTTTTTTTCCA,wTTTTTTTTCCA,TTTTTTTTTCCA,wTTTTTTTTCCA,ATTTTTTTTCCA,ATTTTTTTTCCA,ATTTTTTTTCCA,ATTTTTTTTTTCCA,ATTTTTTTTTTCCA,ATTTTTTTTTCCA,wTTTTTTTTCCA,WTTTTTTTTCCA
136693580,T,T,T,C,T,T,T,T,T,T,T,T,T,T
136693613,C,A,C,A,A,A,A,A,A,C,C,C,A,A
136693732,TAAGG,TAGG,TAAGG,TAGG,TAGG,TAGG,TAGG,TAGG,TAGG,TAAGG,TAAGG,TAAGG,TAGG,TAGG
136693832,A,GG,G,G,G,G,G,G,G,G,G,A,G,G
136693875,A,G,A,G,G,G,G,G,G,A,A,A,G,G
136694093,C,T,C,T,T,T,T,T,T,C,C,C,T,T
136694254,A,A,G,A,A,A,A,A,A,A,A,A,A,A
136694340,A,T,A,A,A,A,A,A,A,A,A,A,A,A
136694415,GCCCCCCACTCCCCCG,GCCCCCCACTCCCCCG,GCCCCCCCACTCCCCCG,GCCCCCCCACTCCCCCG,GCCCCCCACTCCCCCG,GCCCCCCACTCCCCCG,GCCCCCCACTCCCCCG,GCCCCCCACTCCCCCG,GCCCCCCACTCCCCCG,GCCCCCCACTCCCCCG,GCCCCCCACTCCCCCG,GCCCCCCACTCCCCCG,GCCCCCCACTCCCCCG,GCCCCCCACTCCCCCG
136694424,TCCCCCGGT,TCCCCCGGT,TCCCCCGGT,TCCCCCGGT,TCCCCCGGT,TCCCCCGGT,TCCCCCGGT,TCCCCCGGT,TCCCCCGGT,TCCCCGGT,TCCCCGGT,TCCCCCGGT,TCCCCCGGT,TCCCCGGT
136694484,A,A,A,A,A,G,A,A,A,A,A,A,A,A
136694535,GAAAAACAAATG,GAAAAACAAATG,GAAAAACAAATG,GAAAAAACAAATG,GAAAAACAAATG,GAAAAACAAATG,GAAAAACAAATG,GAAAAACAAATG,GAAAAACAAATG,GAAAAACAAATG,GAAAAACAAATG,GAAAAACAAATG,GAAAAACAAATG,GAAAAACAAATG
136694569,CATTGTA,CA,CATTGTA,CA,CA,CA,CA,CA,CA,CATTGTA,CATTGTA,CATTGTA,CA,CA
136694597,A,T,A,A,A,A,A,A,A,A,A,A,A,A
136694672,A,A,G,A,A,A,A,A,A,A,A,A,A,A
136694742,A,G,A,A,A,A,A,A,A,A,A,A,A,A
136694757,A,T,A,A,A,A,A,A,A,A,A,A,A,A
136695010,A,G,A,A,A,A,A,A,A,A,A,A,A,A
136695188,T,C,T,C,C,C,C,C,C,T,T,T,C,C
136695193,CAAAAAAGAAAACT,CAAAAAAGAAAACT,CAAAAAAGAAAACT,CAAAAAAGAAAACT,CAAAAAAGAAAACT,CAAAAAAGAAAACT,CAAAAAAGAAAACT,CAAAAAAGAAAACT,CAAAAAAGAAAACT,CAAAAAAGAAAACT,CAAAAAGAAAACT,CAAAAAAGAAAACT,CAAAAAAGAAAACT,CAAAAAAGAAAACT
136695362,G,A,G,A,A,A,A,A,A,G,G,G,A,A
136695640,T,G,T,G,G,G,G,G,G,T,T,T,G,G
136695756,G,C,G,C,C,C,C,C,C,G,G,G,C,C
136695820,T,C,T,C,C,C,C,C,C,T,T,T,C,C
136695837,C,T,C,T,T,T,T,T,T,C,C,C,T,T
136695861,T,CC,T,C,C,C,C,C,C,T,T,T,C,C
136695925,C,T,C,T,T,T,T,T,T,C,C,C,T,T
136696223,C,T,C,T,T,T,T,T,T,C,C,C,T,T
136696330,A,G,A,A,A,A,A,A,A,A,A,A,A,A
136696375,C,A,C,A,A,A,A,A,A,C,C,C,A,A
136696383,TAAAATTTT,TAAAATTTT,TAAATTTT,TAAAATTTT,TAAAATTTT,TAAAATTTT,TAAAATTTT,TAAAATTTT,TAAAATTTT,TAAAATTTT,TAAAATTTT,TAAAATTTT,TAAAATTTT,TAAAATTTT
136696533,GAAA,AAACCCGCA,GAAA,AAAC,AAAC,AAAC,AAAC,AAAC,AAAC,GAAA,GAAA,GAAA,AAAC,AAAC
136696552,CG,TT,CG,TT,TT,TT,TT,TT,TT,CG,CG,CG,TT,TT
136696609,T,C,T,C,C,C,C,C,C,T,T,T,C,C
136696657,A,T,A,T,T,T,T,T,T,A,A,A,T,T
136696660,TCCCCCAT,TCCCCCAT,TCCCCCAT,TCCCCCAT,TCCCCCAT,TCCCCCAT,TCCCCCAT,TCCCCCAT,TCCCCCAT,TCCCCCAT,TCCCCCAT,TCCCCAT,TCCCCCAT,TCCCCCAT
136696685,C,T,C,T,T,T,T,T,T,C,C,C,T,T
136696775,T,T,C,T,T,T,T,T,T,T,T,T,T,T
136696791,A,A,A,A,A,A,A,G,A,A,A,A,A,A
136696932,T,T,C,T,T,T,T,T,T,T,T,T,T,T
136697320,G,A,G,G,G,G,G,G,G,G,G,G,G,G
136697366,GGACTTCTCTCGAACACTCACAGGCAGTTCACAG,GG,GGACTTCTCTCGAACACTCACAGGCAGTTCACAG,GG,GG,GG,GG,GG,GG,GGACTTCTCTCGAACACTCACAGGCAGTTCACAG,GGACTTCTCTCGAACACTCACAGGCAGTTCACAG,GGACTTCTCTCGAACACTCACAGGCAGTTCACAG,GG,GG
136697547,TGGGGGAAAT,TGGGGGAAAT,TGGGGGAAAT,TGGGGGAAAT,TGGGGGAAAT,TGGGGGAAAT,TGGGGGAAAT,TGGGGGAAAT,TGGGGGAAAT,TGGGGAAAT,TGGGGAAAT,TGGGGAAAT,TGGGGGAAAT,TGGGGAAAT
136697559,TCCCCAAAA,TCCCCAAAA,TCCCCAAAA,TCCCCAAAA,TCCCCAAAA,TCCCCAAAA,TCCCCAAAA,TCCCCAAAA,TCCCCAAAA,TCCCCAAAA,TCCCCAAAA,TCCCCAAAA,TCCCCAAAA,TCCCAAAA
136697563,CAAAAAAGC,CAAAAAAGC,CAAAAAAAGC,CAAAAAAGC,CAAAAAAGC,CAAAAAAGC,CAAAAAAGC,CAAAAAAGC,CAAAAAAGC,CAAAAAAGC,CAAAAAAGC,CAAAAAAGC,CAAAAAAGC,CAAAAAAGC
136697591,AGGGGAAAGGGAAC,AGGGGAAAGGGAAC,AGGGGAAAGGGAAC,AGGGGGAAAGGGAAC,AGGGGAAAGGGAAC,AGGGGAAAGGGAAC,AGGGGAAAGGGAAC,AGGGGAAAGGGAAC,AGGGGGAAAGGGAAC,AGGGGAAAGGGAAC,AGGGGAAAGGGAAC,AGGGGAAAGGGAAC,AGGGGAAAGGGAAC,AGGGGANAGGGAAC
136697597,A,A,A,A,A,A,A,A,A,A,A,A,A,G
136697605,GAAAAAGAGATAAAAATAAATAAATAACAAC,GAAAAAGAGATAAAAATAAATAAATAACAAC,GAAAAAGAGATAAAAATAAATAAATAACAAC,GAAAAAGAGATAAAAATAAATAAATAACAAC,GAAAAAGAGATAAAAATAAATAAATAACAAC,GAAAAAGAGATAAAAATAAATAAATAACAAC,GAAAAAGAGATAAAAATAAATAAATAACAAC,GAAAAAGAGATAAAAATAAATAAATAACAAC,GAAAAAGAGATAAAAATAAATAAATAACAAC,GAAAAAGAGATAAAAATAAATAAATAACAAC,GAAAAAGAGATAAAAATAAATAAATAACAAC,GAAAAAGAGATAAAAATAAATAAATAACAAC,GAAAAAGAGATAAAAATAAATAAATAACAAC,GAAAAAGAGATAAAATAAATAAATAACAAC
136697696,AGGGTC,AGGGGTC,AGGGTC,AGGGTC,AGGGTC,AGGGTC,AGGGTC,AGGGTC,AGGGTC,AGGGTC,AGGGTC,AGGGTC,AGGGTC,AGGGTC
136697769,TCCCAAG,TCCCAAG,TCCCAAG,TCCCAAG,TCCCAAG,TCCCAAG,TCCCAAG,TCCCAAG,TCCCAAG,TCCCAAG,TCCAAG,TCCCAAG,TCCCAAG,TCCCAAG
136697843,A,A,A,A,A,A,A,A,A,A,A,A,A,G
136697848,AGGGGAAAA,AGGGGAAAA,AGGGGGAAAA,AGGGGAAAA,AGGGGAAAA,AGGGGAAAA,AGGGGAAAA,AGGGGAAAA,AGGGGAAAA,AGGGGAAAA,AGGGGAAAA,AGGGGAAAA,AGGGGAAAA,AGGGGAAAA
136697852,GAAAAAATTAAATATATG,GAAAAAAATTAAATATATG,GAAAAAATTAAATATATG,GAAAAAAATTAAATATATG,GAAAAAAATTAAATATATG,GAAAAAAAATTAAATATATG,GAAAAAAATTAAATATATG,GAAAAAAATTAAATATATG,GAAAAAAATTAAATATATG,GAAAAAATTAAATATATG,GAAAAAATTAAATATATG,GAAAAAATTAAATATATG,GAAAAAAATTAAATATATG,GAAAAAATTAAATATATG
136697897,AGGGGAT,AGGGGAT,AGGGGAT,AGGGGAT,AGGGGAT,AGGGGAT,AGGGGAT,AGGGGAT,AGGGGAT,AGGGGAT,AGGGGAT,AGGGGAT,AGGGAT,AGGGGAT
136697968,TCCCCCCTTG,TCCCCCCTTG,TCCCCCCTTG,TCCCCCCTTG,TCCCCCCTTG,TCCCCCCTTG,TCCCCCCTTG,TCCCCCCTTG,TCCCCCCTTG,TCCCCCTTG,TCCCCCCTTG,TCCCCCTTG,TCCCCCCyTG,TCCCCCCTTG
136697974,CTTGTTC,CTGTTC,CTTGTTC,CTGTTC,CTGTTC,CTGTTC,CTGTTC,CTGTTC,CTGTTC,CTTGTTC,CTTGTTC,CTTGTTC,CTGTTC,CTTGTTC
136698003,TAGAGAGAGAGGGGT,TAGAGAGAGAGGGGT,TAGAGAGAGAGGGGT,TAGAGAGAGAGGGGT,TAGAGAGAGAGGGGT,TAGAGAGAGGGGT,TAGAGAGAGAGGGGT,TAGAGAGAGAGGGGT,TAGAGAGAGAGGGGT,TAGAGAGAGAGGGGT,TAGAGAGAGAGGGGT,TAGAGAGAGAGGGGT,TAGAGAGAGAGGGGT,
136698006,A,A,A,A,G,A,A,A,A,A,A,A,A,
136698020,GGAGAGAGAGAC,GGAGAGAGAGAC,GGAGAGAGAGAC,GGAGAGAGAGAC,GGAGAGAGAC,GGAGAGAGAGAC,GGAGAGAGAGAC,GGAGAGAGAGAC,GGAGAGAGAGAC,GGAGAGAGAGAC,GGAGAGAGAGAC,GGAGAGAGAGAC,GGAGAGAGAGAC,
136698031,CGGGGGGAAAGGGGT,CGGGGGGAAAGGGGT,CGGGGGGAAAGGGGT,CGGGGGGAAAGGGGT,CGGGGGGAAAGGGGT,CGGGGGGAAAGGGGT,CGGGGGGAAAGGGGT,CGGGGGGAAAGGGGT,CGGGGGGAAAGGGGT,CGGGGGAAAGGGGT,CGGGGGAAAGGGGT,CGGGGGAAAGGGGT,CGGGGGAAAGGGGT,
136698103,TCCGG,TCCGG,TCCGG,TCCGG,TCCCGG,TCCGG,TCCGG,TCCGG,TCCGG,TCCGG,TCCGG,TCCGG,TCCGG,
136698145,GTTTAAA,GTTAAA,GTTTAAA,GTTTAAA,GTTTAAA,GTTTAAA,GTTTAAA,GTTTAAA,GTTTAAA,GTTTAAA,GTTTAAA,GTTTAAA,GTTTAAA,
136698148,TAAAAGC,TAAAAGC,TAAAAGC,TAAAAAGC,TAAAAAGC,TAAAAGC,TAAAAGC,TAAAAGC,TAAAAGC,TAAAAGC,TAAAAGC,TAAAAGC,TAAAAGC,
136698281,ATTTCA,ATTTCA,ATTTCA,ATTTCA,ATTTCA,ATTCA,ATTTCA,ATTTCA,ATTTCA,ATTTCA,ATTTCA,ATTTCA,ATTTCA,
136698367,T,T,C,T,T,Y,Y,T,C,C,C,T,T,
136698403,A,A,A,A,A,A,A,A,A,A,A,A,A,T
136698427,C,C,C,C,C,C,C,C,C,C,C,C,C,T
136698439,G,G,G,G,G,G,G,G,G,G,G,G,G,A
136698487,CGGC,CGGC,CGGC,CGGC,CGGC,CGGC,CGGC,CGGC,CGGC,CGGC,CGGC,CGGC,CGGC,AGGT
136698507,C,C,C,C,C,C,C,C,C,C,C,C,C,T
136698514,A,A,A,A,A,A,A,A,A,A,A,A,A,T
136698525,GTTTTTGTC,GTTTTTGTC,GTTYTTGTC,GTTTTTGTC,GTTTTTGTC,GTTTTTGTC,GTTTTTGTC,GTTTTTGTC,GTTTTTGTC,GTTTTTGTC,GTTTTTGTC,GTTTTTGTC,GTTTTTGTC,GTTTTGTC
136698558,GAT,GAT,GAT,GAT,GAT,GAT,GAT,GAT,GAT,GAT,GAT,GAT,GAT,AAA
136698584,TTTTTTCGGAAT,TTTTTTCGGAAT,TTTTTTCGGAAT,TTTTTTCGGAAT,TTTTTTCGGAAT,TTTTTTCGGAAT,TTTTTTCGGAAT,TTTTTTCGGAAT,TTTTTTCGGAAT,TTTTTTCGGAAT,TTTTTTCGGAAT,TTTTTTCGGAAT,TTTTTTCGGAAT,TT
136698594,ATTTTTTTCGG,ATTTTTTTCGG,ATTTTTTTCGG,ATTTTTTTCGG,ATTTTTTTCGG,ATTTTTTTCGG,ATTTTTTTCGG,ATTTTTTTCGG,ATTTTTTTCGG,ATTTTTTCGG,ATTTTTTCGG,ATTTTTTTCGG,ATTTTTTTCGG,ATTTTTTTCGG
136698603,GG,GG,GG,GG,GG,GG,GG,GG,GG,GG,GG,GG,GG,AA
136698611,C,C,C,C,C,C,C,C,C,C,C,C,C,T
136698635,C,C,C,C,C,C,C,C,C,C,C,C,C,T
136698644,T,T,T,T,T,T,T,T,T,T,T,T,T,C
136698659,G,G,G,G,G,G,G,G,G,G,G,G,G,A
136698678,G,G,G,G,G,G,G,G,G,G,G,G,G,A
136698683,C,C,C,C,C,C,C,C,C,C,C,C,C,T
136698690,ATTTTTTTGGGGTTA,ATTTTTTTGGGGTTA,ATTTTTTTGGGGTTA,ATTTTTTTGGGGTTA,ATTTTTTTGGGGTTA,ATTTTTTTGGGGTTA,ATTTTTTTGGGGTTA,ATTTTTTTGGGGTTA,ATTTTTTTGGGGTTA,ATTTTTTTGGGGTTA,ATTTTTTTTGGGGTTA,ATTTTTTTTGGGGTTA,ATTTTTTTGGGGTTA,ATTTTTTTTGGGGATA
136698709,G,G,G,G,G,G,G,G,G,G,G,G,G,T
136698714,G,G,G,G,G,G,G,G,G,G,G,G,G,A
136698722,A,A,A,A,A,A,A,A,A,A,A,A,A,G
136698758,T,T,T,T,T,T,T,T,T,T,T,T,T,C
136698812,AGTC,AGTC,AGTC,AGTC,AGTC,AGTC,AGTC,AGTC,AGTC,AGTC,AGTC,AGTC,AGTC,GGTA
136698830,A,A,A,A,A,A,A,A,A,A,A,A,A,G
136698849,C,C,Y,C,C,C,C,C,C,C,C,C,C,A
136698854,A,A,A,A,A,A,A,A,A,A,A,A,A,T
136698859,A,A,A,A,A,A,A,A,A,A,A,A,A,G
136698861,GAAAAAACCCT,GAAAAAACCCT,GAAAAAACCCT,GAAAAAACCCT,GAAAAAACCCT,GAAAAAACCCT,GAAAAAACCCT,GAAAAAACCCT,GAAAAAACCCT,GAAAAAAACCCT,GAAAAAACCCT,GAAAAAAACCCT,GAAAAAACCCT,GAAAAAACCCT
136698870,CTTTATG,CTTTATG,CTTTATG,CTTTATG,CTTTATG,CTTTATG,CTTTATG,CTTTATG,CTTTATG,CTTTATG,CTTTATG,CTTTATG,CTTTATG,CTTTTATG
136698902,G,G,G,G,G,G,G,G,G,G,G,G,G,A
136698938,A,A,A,A,A,A,A,A,A,A,A,A,A,G
136698956,G,G,G,G,G,G,G,G,G,G,G,G,G,A
136699002,C,C,C,C,C,C,C,C,C,C,C,C,C,T
136699044,C,C,C,C,C,C,C,C,C,C,C,C,C,T
136699060,C,C,C,C,C,C,C,C,C,C,C,C,C,T
136699074,A,A,A,A,A,A,A,A,A,A,A,A,A,G
136699091,ATTTGTGAT,ATTTGTGAT,ATTTGTGAT,ATTTGTGAT,ATTTGTGAT,ATTTGTGAT,ATTTGTGAT,ATTTGTGAT,ATTTGTGAT,ATTTGTGAT,ATTTGTGAT,ATTTGTGAT,ATTTGTGAT,CTTTATGAG
136699135,C,C,C,C,C,C,C,C,C,C,C,C,C,T
136699141,C,C,C,C,C,C,C,C,C,C,C,C,C,T
136699146,CG,CG,CG,CG,CG,CG,CG,CG,CG,CG,CG,CG,CG,TA
136699160,T,T,T,T,T,T,T,T,T,T,T,T,T,A
136699183,G,G,G,G,G,G,G,G,G,G,G,G,G,A
136699217,C,C,C,C,C,C,C,C,C,C,C,C,C,A
136699222,G,G,G,G,G,G,G,G,G,G,G,G,G,A
136699240,GTTAT,GTTAT,GTTAT,GTTAT,GTTAT,GTTAT,GTTAT,GTTAT,GTTAT,GTTAT,GTTAT,GTTAT,GTTAT,TTTAC
136699250,C,C,C,C,C,C,C,C,C,C,C,C,C,T
136699266,TAAAAAATATG,TAAAAAATATG,TAAAAAATATG,TAAAAAATATG,TAAAAAATATG,TAAAAAATATG,TAAAAAATATG,TAAAAAATATG,TAAAAAATATG,TAAAAAATATG,TAAAAAATATG,TAAAAAATATG,TAAAAAATATG,TAAAAATATG
136699277,GAAAC,GAAAC,GAAAC,GAAAC,GAAAC,GAAAC,GAAAC,GAAAC,GAAAC,GAAAC,GAAAC,GAAAC,GAAAC,AAAAT
136699343,G,T,G,T,T,T,T,T,T,G,G,G,T,
136699422,ACCCCCTCCAG,ACCCCCTCCAG,ACCCCCTCCAG,ACCCCCTCCAG,ACCCCCTCCAG,ACCCCCTCCAG,ACCCCCTCCAG,ACCCCCTCCAG,ACCCCCCTCCAG,ACCCCCTCCAG,ACCCCCTCCAG,ACCCCCTCCAG,ACCCCCTCCAG,
136699567,ATTTTTATC,ATTTTTATC,ATTTTTATC,ATTTTTATC,ATTTTTATC,ATTTTATC,ATTTTTATC,ATTTTTATC,ATTTTTATC,ATTTTTATC,ATTTTTATC,ATTTTTATC,ATTTTTATC,
136699615,A,A,A,A,G,A,A,A,A,A,A,A,A,
136699665,ACTTAGGCCCCGTTTCAATCTCACGGGATAAACTTTAGCTTCCTGCTAAACTTTAGCTATATGAAATGAAGTGCTAAAGTTTAGCTTTAATTATCACCATTAGCTCTCCTGTTTAGATTACAAATGGCTAAAAGTAGCTAAAAAAAAGCTGCTAAAGTTTATCTCGCGGGATTGGAACAGGGCC,AC,,AC,AC,AC,AC,AC,AC,,,ACTTAGGCCCCGTTTCAATCTCACGGGATAAACTTTAGCTTCCTGCTAAACTTTAGCTATATGAAATGAAGTGCTAAAGTTTAGCTTTAATTATCACCATTAGCTCTCCTGTTTAGATTACAAATGGCTAAAAGTAGCTAAAAAAAAGCTGCTAAAGTTTATCTCGCGGGATTGGAACAGGGCC,AC,
136699803,TAAAAAAAAGCT,TAAAAAAAAGCT,,TAAAAAAAAGCT,TAAAAAAAAGCT,TAAAAAAAAGCT,TAAAAAAAAGCT,TAAAAAAAAGCT,TAAAAAAAAGCT,,,TAAAAAAAGCT,TAAAAAAAAGCT,
136699932,ATTTTTCCTA,ATTTTTCCTA,ATTTTTCCTA,ATTTTTCCTA,ATTTTTCCTA,ATTTTTCCTA,ATTTTCCTA,ATTTTTCCTA,ATTTTTCCTA,ATTTTTCCTA,ATTTTTCCTA,ATTTTTCCTA,ATTTTTCCTA,
136700011,TAAAAAAGT,TAAAAAAGT,TAAAAAAGT,TAAAAAAGT,TAAAAAAGT,TAAAAAAGT,TAAAAAAGT,TAAAAAAGT,TAAAAAAGT,TAAAAAAGT,TAAAAAAGT,TAAAAAGT,TAAAAAAGT,
136700040,CAAAAAAATGG,CAAAAAAATGG,CAAAAAAATGG,CAAAAAAATGG,CAAAAAATGG,CAAAAAAATGG,CAAAAAATGG,CAAAAAAATGG,CAAAAAATGG,CAAAAAATGG,CAAAAAAATGG,CAAAAAAATGG,CAAAAAATGG,
136700065,TAAAAAAGT,TAAAAAAGT,TAAAAAAGT,TAAAAAAGT,TAAAAAAGT,TAAAAAAGT,TAAAAAAAGT,TAAAAAAGT,TAAAAARGT,TAAAAAAGT,TAAAAAGT,TAAAAAAGT,TAAAAAAGT,
136700101,GAAAAAAAACTAC,GAAAAAAAACTAC,GAAAAAAAACTAC,GAAAAAAACTAC,GAAAAAAAAACTAC,GAAAAAAAACTAC,GAAAAAAAAACTAC,GAAAAAAAACTAC,GAAAAAAAACTAC,GAAAAAAAAACTAC,GAAAAAAAACTAC,GAAAAAAACTAC,GAAAAAAACTAC,
136700253,GTTTAAAAAAAAAACTG,GTTTTWWAAAAAAACTG,GTTTAAAAAAAAAACTG,GTTTTTAAAAAAAACTG,GTTTTTWAAAAAAACTG,GTTTTTAAAAAAAACTG,GTTTWWAAAAAAAACTG,GTTTTTAAAAAAAACTG,GTTTWWWAAAAAAACTG,GTTTAAAAAAAAAACTG,GTTTAAAAAAAAAACTG,GTTTAAAAAAAAAAACTG,GTTTTTWAAAAAAACTG,
136700256,TAAA,TTWW,TAAAAAAAAAAACTG,TTT,TTT,TTTA,TAAAAAAAAACTG,TTTA,TAAAAAAAAAAACTG,TAAAAAAAAACTG,TAAAAAAAAACTG,TAAA,TTT,
136700257,AA,TT,AA,TT,TT,TT,WW,TT,WW,AA,AA,AA,TT,
136700364,T,G,T,G,G,G,G,G,G,T,T,T,G,
136700415,A,A,A,A,A,A,G,A,A,A,A,A,A,
136700451,T,G,G,G,G,G,G,G,G,G,G,G,G,
136700462,A,A,A,A,G,A,A,A,A,A,A,A,A,
136700504,G,A,G,A,A,A,A,A,R,G,G,G,A,
136700527,T,T,T,T,T,T,T,T,T,T,T,C,T,
136700531,CTTTAAA,CTTTAAA,CTTTAAA,CTTTAAA,CTTTAAA,CTTTAAA,CTTTAAA,CTTTAAA,CTTTAAA,CTTAAA,CTTTAAA,CTTTAAA,CTTTAAA,
136700553,C,T,C,T,T,T,T,T,Y,C,C,C,T,
136700580,ATTTTTTTTTTCTAAA,ATTTTTTTTCTAAA,ATTTTTTTTTTCTAAA,ATTTTTTTTCTAAA,ATTTTTTTTCTAAA,ATTTTTTTTCTAAA,ATTTTTTTTTCTAAA,ATTTTTTTTCTAAA,ATTTTTTTTCTAAA,ATTTTTTTTCTAAA,ATTTTTTTTCTAAA,ATTTTTTTTTTTCTAAA,ATTTTTTTTCTAAA,
136700652,A,A,A,A,A,A,A,A,A,A,G,A,A,
136700705,ATTTTTTAG,ATTTTTTAG,ATTTTTTAG,ATTTTTTAG,ATTTTTTAG,ATTTTTTAG,ATTTTTTAG,ATTTTTTAG,ATTTTTTAG,ATTTTTAG,ATTTTTTAG,ATTTTTTAG,ATTTTTTAG,
136700764,A,T,A,T,T,T,T,T,W,A,A,A,T,
136700771,A,A,A,A,A,A,G,A,A,A,A,A,A,
136700776,A,A,A,G,A,A,A,A,A,A,G,A,A,
136700780,CAAAAAGGGAAAC,CAAAAAGGGAAAC,CAAAAAGGGAAAC,CAAAAAGGGAAAC,CAAAAAGGGAAAC,CAAAAAGGGAAAC,CAAAAGGGAAAC,CAAAAAGGGAARC,CAAAAAGGGAAAC,CAAAAAGGGAAAC,CAAAAAGGGAAAC,CAAAAAGGGAAAC,CAAAAAGGGAAAC,
136700868,G,G,G,G,G,G,G,G,G,G,G,G,A,
136700878,G,G,G,G,G,G,G,G,G,G,G,A,G,
136700950,T,T,T,T,T,T,T,T,T,C,T,T,T,
136700981,A,A,A,A,A,A,A,A,A,A,A,G,A,
136700991,T,T,T,T,T,T,T,T,T,T,C,T,T,
136701011,CTTTTTTGGA,CTTTTTTGGA,CTTTTTTGGA,CTTTTTTGGA,CTTTTTTGGA,CTTTTTTGGA,CTTTTTTGGA,CTTTTTTGGA,CTTTTTTGGA,CTTTTTGGA,CTTTTTGGA,CTTTTTTGGA,CTTTTTTGGA,
136701016,TTG,TGTG,TTG,TGTG,TGTG,TGTG,TGTG,TGTG,TTG,TTG,TTG,TTG,TGTG,
136701024,G,G,A,G,G,R,G,G,A,A,A,G,G,
136701040,TCCCCTTTA,TCCCCTTTA,TCCCCTTTA,TCCCCTTTA,TCYCCTTTA,TCCCCTTTA,TCCCCTTTA,TCCCCTTTA,TCCCCTTTA,TCCCTTTA,TCCCCTTTA,TCCCCTTTR,TCCCCTTTA,
136701048,A,A,A,A,A,A,A,A,A,A,A,G,A,
136701050,T,T,T,T,T,T,T,T,T,T,C,T,T,
136701068,T,T,T,T,T,T,T,T,T,T,T,T,C,
136701132,G,G,,G,G,G,G,G,G,A,G,G,G,
136701138,T,T,,T,T,T,T,T,T,T,C,T,T,
136701193,A,A,,A,A,A,A,A,A,A,A,G,A,
136701211,G,G,,G,G,G,G,G,G,G,G,A,G,
136701228,G,G,,G,G,G,G,G,G,G,G,G,A,
136701245,ACCCACCCCACCCTT,ACCCACCCCACCCTT,,ACCCACCCCACCCTT,RCCCACCCCACCCTT,ACCCACCCCACCCTT,ACCCACCCCACCCTT,ACCCACCCCACCCTT,ACCCACCCCACCCTT,ACCCCACCCCACCCTT,ACCCACCCCACCCTT,ACCCACCCCACCCTT,ACCCACCCCACCCTT,
136701271,A,M,,A,A,A,A,A,A,A,G,A,A,
136701288,A,M,,A,A,A,A,A,A,G,A,A,A,
136701304,TGGGTGGA,TGGGTGGM,,TGGGTGGA,TGGGTGGA,TGGGTGGA,TGGGTGGA,TGGGTGGA,TGGGTGGA,TGGGTGGA,TGGGTGGA,TGGTGGA,TGGGTGGA,
136701334,A,A,,A,A,A,A,A,A,G,A,A,A,
136701363,T,T,,T,T,T,T,T,T,T,C,T,T,
136701421,C,C,,C,C,C,C,C,C,C,T,C,C,
136701428,AGGGGGGGTGAA,AGGGGGGTGAA,,AGGGGGGTGAA,AGGGGGGTGAA,AGGGGGGTGAA,AGGGGGGGTGAA,AGGGGGGGTGAA,AGGGGGGGTGAA,AGGGGGGTGAA,AGGGGGGGTGAA,AGGGGGGGTGAA,AGGGGGGTGAA,
136701441,A,A,,A,A,A,A,A,A,A,A,G,A,A
136701457,T,T,,T,T,T,T,T,T,C,T,T,T,T
136701461,A,A,,A,A,A,A,A,A,A,G,A,A,A
136701511,T,T,,K,T,T,T,,T,T,T,C,T,T
136701562,G,G,,G,G,G,G,,G,G,G,G,A,G
136701569,GTTTTAC,GTTTTAC,,GTTTTAC,GTTTTAC,GTTTTAC,GTTTTAC,,GTTTTAC,GTTTTTAC,GTTTTAC,GTTTTAC,GTTTTAC,GTTTTAC
136701594,A,A,,A,A,A,A,,A,A,A,A,C,A
136701626,CGGGTC,CGGGTC,,CGGGTC,CGGGTC,CGGGTC,CGGGTC,,CGGGTC,CGGGTC,CGGTC,CGGGTC,CGGGTC,CGGGTC
136701641,C,C,,C,C,C,C,,Y,T,T,C,C,C
136701674,G,G,,G,G,G,G,,G,G,A,G,G,G
136701734,G,G,,G,G,G,G,,G,G,G,G,A,G
136701749,G,G,,G,G,G,G,,G,G,G,G,A,G
136701754,T,C,,C,C,C,T,,T,T,T,T,C,T
136701807,A,,,A,A,A,A,,A,G,A,A,A,A
136701933,T,,,T,T,T,T,,T,T,T,T,C,T
136702040,A,,,,G,G,A,,A,A,A,A,G,A
136702114,T,,,,C,C,T,,T,C,C,T,C,T
136702191,G,,,,A,A,G,,G,G,G,G,A,G
136702245,T,,,,T,T,T,,T,Y,T,T,C,T
136702292,A,,,,G,G,A,,A,A,A,A,G,A
136702341,G,,,,A,A,G,,G,G,G,G,A,G
136702358,T,,,,T,T,T,,T,T,T,T,C,T
136702384,A,,,,G,G,A,,A,G,G,A,G,A
136702403,T,,,,C,C,,,,T,T,T,C,T
136702415,T,,,,T,T,,,,C,T,T,T,T
136702484,G,,,,,A,,,,G,G,G,A,G
136702497,T,,,,,T,,,,T,T,T,C,T
136703955,C,,,,,,,,,A,,C,,
136716514,A,,,,,A,,,,,,,G,
136716553,A,,,,,G,,,,,,,G,
136716576,A,,,,,A,,,,,,,G,
136716599,G,,,,,G,,,,,,,A,
136716640,CCA,,,,,ACG,,,,,,,ACG,ACG
136716937,T,,,,,T,,,,,,,C,T
136717005,C,,,,,T,,,,,,,T,T
136717176,T,,,,,C,,,,,,,C,C
136717236,TAAAGGT,,,,,TAAAGGT,,,,,,,TCAAAGGT,TAAAGGT
136717477,CGC,,,,,,,,,,,,TGT,TGT
136717609,A,,,,,,,,,,,,G,G
136717659,G,,,,,,,,,,,,A,A
136717742,T,,,,,,,,,,,,A,A
136718089,G,,,,,,,,,,,,A,G
136718310,T,,,,,,,,,G,,,G,G
136718355,G,,,,,,,,,G,,,T,T
136718497,G,,,,,,,,,G,,,A,A
136718636,T,,,,,,,,,T,,T,C,C
136718866,C,,,,,,,,,T,,C,C,C
136718958,G,,,,,,,,,T,,A,T,T
136720144,TAAAAAGAC,,,,,,,,,TAAAAGAC,TAAAAAGAC,TAAAAAGAC,,TAAAAAGAC
136720184,ACA,,,,,,,,,ACATCCCAAAAGGCA,ACA,ACA,,ACA
136720489,GCCCCACAAG,,,,,,,,,GCCCCCACAAG,GCCCCACAAG,GCCCCACAAG,,GCCCCACAAG
136720745,C,,,,,,,,,C,A,C,,C
136720803,T,,,,,,,,,C,T,T,,T
136720808,T,,,,,,,,,T,C,T,,T
136720813,GGATT,,,,,,,,,GGATT,CGATC,GGATT,,GGATT
136720837,CTTCTTG,,,,,,,,,CTTCTTG,CTTTCTTG,CTCCTTG,,CTTCTTG
136720847,CAAA,,,,,,,,,CAAA,TCAT,CAAA,,CAAA
136720898,TGC,,,,,,,,,TGC,CGG,TGC,,TGG
136720907,TG,,,,,,,,,TG,GT,TG,,TG
136720946,AAAT,,,,,,,,,AAAT,GAGG,AAAT,,AAAT
136720966,GAAAAGGGT,,,,,,,,,GAAAAGGGT,GAAAGGGT,GAAAAGGGT,,GAAAAGGGT
136720993,C,,,,,,,,,C,T,C,,C
136721008,A,,,,,,,,,A,G,A,,A
136721043,AAAATC,,,,,,,,,AAAATC,ACAAATC,AAAATC,,AAAATC
136721058,C,,,,,,,,,C,T,C,,C
136721076,G,,,,,,,,,G,A,G,,G
136721131,A,,,,,,,,,A,C,A,,A
136721136,A,,,,,,,,,G,A,A,,A
136721152,G,,,,,,,,,G,A,G,,G
136721167,G,,,,,,,,,G,A,G,,G
136721208,AAAACCC,,,,,,,,,AAAACCC,GGAGCCG,AAAACCC,,AGAACCC
136721262,G,,,,,,,,,G,A,G,,G
136721267,A,,,,,,,,,A,G,A,,A
136721321,CG,,,,,,,,,CG,GA,CG,,CG
136721369,G,,,,,,,,,G,A,G,,G
136721374,A,,,,,,,,,A,G,A,,A
136721393,G,,,,,,,,,G,A,G,,G
136721432,A,,,,,,,,,A,G,A,,A
136721489,C,,,,,,,,,C,A,C,,C
136721568,C,,,,,,,,,C,G,C,,C
136721648,C,,,,,,,,,C,T,C,,C
136721663,G,,,,,,,,,G,C,G,,G
136721709,GATGA,,,,,,,,,GATGA,AACGT,GATGA,,GATGA
136721733,T,,,,,,,,,C,T,T,,T
136721810,C,,,,,,,,,C,T,C,,C
136721822,C,,,,,,,,,C,T,C,,C
136721901,G,,,,,,,,,G,A,G,,G
136721911,G,,,,,,,,,G,A,G,,G
136721986,A,,,,,,,,,A,G,A,,G
136722028,G,,,,,,,,,T,T,G,,T
136722055,T,,,,,,,,,T,C,T,,C
136722154,T,,,,,,,,,T,C,T,,C
136722179,C,,,,,,,,,C,A,C,,T
136722188,GTCC,,,,,,,,,GTCC,ATCT,GTCC,,GTCC
136722201,C,,,,,,,,,C,T,C,,C
136722221,T,,,,,,,,,T,G,T,,T
136722231,AAGGAGGAGT,,,,,,,,,AAGGAGGAGT,AAGGAGT,AAGGAGGAGT,,AAGGAGGAGT
136722314,T,,,,,,,,,T,C,T,,T
136722358,A,,,,,,,,,A,G,A,,A
136722367,A,,,,,,,,,C,A,A,,A
136722377,T,,,,,,,,,T,C,T,,C
136722401,C,,,,,,,,,C,T,C,,C
136722411,T,,,,,,,,,C,T,T,,T
136722414,C,,,,,,,,,C,T,C,,C
136722421,CTAGTGAC,,,,,,,,,CTAGTGAC,CTAGTGATAGTGAC,CTAGTGAC,,CTAGTGAC
136722488,CA,,,,,,,,,CA,TG,CA,,CG
136722529,G,,,,,,,,,G,A,G,,G
136722561,A,,,,,,,,,A,G,A,,A
136722581,G,,,,,,,,,G,T,G,,G
136722600,A,,,,,,,,,G,G,A,,G
136722710,G,,,,,,,,,G,A,G,,
136722720,T,,,,,,,,,T,C,T,,
136722727,C,,,,,,,,,C,T,C,,
136722778,A,,,,,,,,,G,G,A,,
136722883,A,,,,,,,,,A,G,A,,
136722913,GCAAC,,,,,,,,,GCAAC,GCACATGCCATGATGTTATCACCAAA,GCAAC,,
136722939,TTG,,,,,,,,,TTG,CTA,TTG,,
136722941,G,,,,,,,,,A,A,G,,
136722978,A,,,,,,,,,A,G,A,,
136723010,A,,,,,,,,,A,C,A,,
136723019,G,,,,,,,,,G,A,G,,
136723084,C,,,,,,,,,C,T,C,,
136723112,A,,,,,,,,,A,T,A,,
136723118,CAAT,,,,,,,,,CAAT,TAAC,CAAT,,
136723139,CATT,,,,,,,,,CATT,TATA,CATT,,
136723153,GGA,,,,,,,,,A,AGG,GGA,,
136723164,C,,,,,,,,,C,T,C,,
136723194,G,,,,,,,,,G,A,G,,
136723203,GTTTA,,,,,,,,,GTTTA,ACTTC,GTTTA,,
136723207,A,,,,,,,,,C,C,A,,
136723214,C,,,,,,,,,C,T,C,,
136723247,T,,,,,,,,,T,C,T,,
136723325,A,,,,,,,,,A,C,A,,
136723349,T,,,,,,,,,T,A,T,,
136723374,C,,,,,,,,,C,T,C,,
136723400,C,,,,,,,,C,C,A,C,,
136723411,GA,,,,,,,,GA,GA,AG,GA,,
136723412,A,,,,,,,,A,G,G,A,,
136723431,G,,,,,,,,G,G,T,G,,
136723454,C,,,,,,,,C,C,T,C,,
136723482,C,,,,,,,,C,C,T,C,,
136723548,TTA,,,,,,,,TTA,TTA,TCTA,TTA,,
136723566,G,,,,,,,,G,G,T,G,,
136723585,A,,,,,,,,A,G,G,A,,
136723626,C,,,,,,,,C,C,A,C,,
136723631,T,,,,,,,,T,T,A,T,,
136723647,C,,,,,,,,C,C,G,C,,
136723683,G,,,,,,,,G,A,A,G,,
136723705,C,,,,,,,,C,T,T,C,,
136723726,G,,,,,,,,G,G,A,G,,
136723738,G,,,,,,,,G,G,A,G,,
136723753,A,,,,,,,,A,A,G,A,,
136723762,A,,,,,,,,A,A,G,A,,
136723798,A,,,,,,,,A,A,G,A,,
136723916,T,,,,,,,,T,C,,T,,
136723976,G,,,,,,,,G,T,,G,,
136723997,C,,,,,,,,C,T,,C,,
136724029,T,,,,,,,,T,C,,T,,
136724038,T,,,,,,,,T,C,,T,,
136724054,A,,,,,,,,A,C,,A,,
136724072,C,,,,,,,,C,T,,C,,
136724087,C,,,,,,,,C,T,,C,,
136724101,TG,,,,,,,,TG,CA,,TG,,
136724138,G,,,,,,,,G,A,,G,,
136724176,TAG,,,,,,,,TAG,CAA,,TAG,,
136724216,G,,,,,,,,G,A,,G,,
136724382,A,,,,,,,,A,G,,A,,
136724396,C,,,,,,,,C,T,,C,,
136724546,C,,,,,,,,C,T,,C,,
136724565,A,,,,,,,,A,G,,A,,
136724600,A,,,,,,,,A,G,,A,,
136724640,A,,,,,,,,A,G,,A,,
136724669,TAAT,,,,,,,,TAAT,CAAC,,TAAT,,
136724700,A,,,,,,,,A,G,,A,,
136724708,T,,,,,,,,T,C,,T,,
136724738,T,,,,,,,,T,C,,T,,
136724753,G,,,,,,,,G,C,,G,,
136724783,TAATC,,,,,,,,TAATC,GAATA,,TAATC,,
136724843,A,,,,,,,,A,G,,A,,
136724852,G,,,,,,,,G,C,,G,,
136724876,T,,,,,,,,T,C,,T,,
136724918,T,,,,,,,,T,A,,T,,
136725034,A,,,,,,,,A,T,,A,,
136725115,T,,,,,,,,T,C,,T,,
136725201,A,,,,,,,,A,G,,A,,
136725206,A,,,,,,,,A,G,,A,,
136725287,AATG,,,,,,,,AATG,CACA,,AATG,,
136725333,A,,,,,,,,A,G,,A,,
136725352,G,,,,,,,,G,A,,G,,
136725581,T,,,,,,,,T,C,,T,,
136725591,A,,,,,,,,A,G,,A,,
136725620,AGCG,,,,,,,,AGCG,GGCA,,AGCG,,
136725665,A,,,,,,,,A,G,,A,,
136725668,A,,,,,,,,A,T,,A,,
136725731,C,,,,,,,,C,T,,C,,
136725770,G,,,,,,,,G,A,,G,,
136725779,G,,,,,,,,G,A,,G,,
136725909,T,,,,,,,,T,G,,T,,
136725920,C,,,,,,,,C,T,,C,,
136725923,G,,,,,,,,G,A,,G,,
136725980,C,,,,,,,,C,T,,,,
136725995,T,,,,,,,,T,C,,,,
136726042,A,,,,,,,,A,G,,,,
136726064,C,,,,,,,,C,T,,,,
136726096,T,,,,,,,,T,C,,,,
136726199,G,,,,,,,,G,A,,,,
136726313,A,,,,,,,,A,G,,,,
136726385,A,,,,,,,,A,C,,,,
136726421,A,,,,,,,,A,C,,,,
136726440,T,,,,,,,,T,C,,,,
136726490,A,,,,,,,,A,T,,,,
136726577,G,,,,,,,,G,A,,,,
136726667,G,,,,,,,,G,A,,,,
136726745,A,,,,,,,,A,T,,,,
136726898,A,,,,,,,,A,G,,,,
136726941,T,,,,,,,,T,C,,,,
136727060,T,,,,,,,,T,A,,,,
136727071,G,,,,,,,,G,A,,,,
136727142,T,,,,,,,,T,C,,,,
136727175,C,,,,,,,,C,T,,,,
136727182,GA,,,,,,,,GA,AT,,,,
136727257,T,,,,,,,,T,C,,,,
136727278,T,,,,,,,,T,C,,,,
136727297,T,,,,,,,,T,A,,,,
136727325,A,,,,,,,,A,G,,,,
136727328,T,,,,,,,,T,C,,,,
136727435,T,,,,,,,,T,C,,,,
136727505,A,,,,,,,,A,G,,,,
136727518,ACA,,,,,,,,ACA,AA,,,,
136727572,A,,,,,,,,A,G,,,,
136727681,G,,,,,,,,,A,,,,
136736268,CAAAAATTTTC,,,,,,,,,CAAAAATTTTC,CAAAATTTTC,CAAAAATTTTC,,
136736303,G,,,,,,,,,G,A,G,,
136736333,C,,,,,,,,,T,C,C,,
136736346,G,,,,,,,,,A,G,G,,
136736351,A,,,,,,,,,A,A,G,,
136736425,C,,,,,,,,,C,T,C,,
136736469,A,,,,,,,,,A,T,A,,
136736496,CTA,,,,,,,,,CTTA,CTA,CTA,,
136736523,G,,,,,,,,,A,G,G,,
136736536,C,,,,,,,,,C,T,C,,
136736539,C,,,,,,,,,C,C,T,,
136736542,C,,,,,,,,,C,T,C,,
136736573,C,,,,,,,,,C,C,T,,
136736577,A,,,,,,,,,G,A,A,,
136736615,G,,,,,,,,,G,T,G,,
136736638,C,,,,,,,,,C,T,C,,
136736672,A,,,,,,,,,C,A,A,,
136736738,G,,,,,,,,,C,G,G,,
136736791,T,,,,,,,,,C,T,T,,
136736851,T,,,,,,,,,T,T,C,,
136737057,T,,,,,,,,,T,C,T,,
136737082,T,,,,,,,,,T,T,C,,
136737124,T,,,,,,,,,T,C,T,,
136737176,T,,,,,,,,,A,G,G,,
136737197,A,,,,,,,,,G,A,A,,
136737212,T,,,,,,,,,T,T,C,,
136737218,GTTGG,,,,,,,,,GTGG,GTTGG,GTTGG,,
136737288,T,,,,,,,,,T,A,T,,
136737391,A,,,,,,,,,A,A,G,,
136737412,G,,,,,,,,,A,G,G,,
136737439,AATATATATATC,,,,,,,,,,AATATATATC,AATATATATATC,,
136737494,G,,,,,,,,,,A,G,,
136737505,G,,,,,,,,,,A,A,,
136737588,A,,,,,,,,,,G,A,,
136737643,T,,,,,,,,,,A,C,,
136737853,A,,,,,,,,,,G,G,,
136738125,C,,,,,,,,,,C,T,,
136738206,T,,,,,,,,,,C,T,,
136738379,C,,,,,,,,,,,T,,
136738540,CTTC,,,,,,,,,,,CTTTT,,
136738709,C,,,,,,,,,,,T,,
136738733,T,,,,,,,,,,,A,,
136738768,T,,,,,,,,,,,C,,
136739010,G,,,,,,,,,,,T,,
136739243,G,,,,,,,,,,,A,,
136739396,C,,,,,,,,,,,T,,
136739573,A,,,,,,,,,,,G,,
136739691,A,,,,,,,,,,,C,,
136739898,C,,,,,,,,,,,T,,
136740037,C,,,,,,,,,,,T,,
136740191,AGGCT,,,,,,,,,,,AGCC,,
136740441,A,,,,,,,,,,,G,,
136740679,T,,,,,,,,,,,C,,
136740740,A,,,,,,,,,,,G,,
136740802,T,,,,,,,,,C,,C,,
136740879,G,,,,,,,,,G,,C,,
136741103,A,,,,,,,,,G,,G,,
136741154,T,,,,,,,,,A,,A,,
136741162,T,,,,,,,,,C,,C,,
136741204,G,,,,,,,,,G,,A,,
136741316,T,,,,,,,,,T,,C,,